rule_,repair_region,project_code,exclude_project_code,vehicle_classification,part_name,part_no,engine_form,mileage_cap,period_cap,liability_ratio,cap_type,cap_value,note,valid_from,valid_to
rule_A201,ALL,L38,,,ALL,,,,,0.6,,,"All Items (HVAC etc.)",2022-06-13,
rule_A201,ALL,L43,,,ALL,,,,,0.6,,,"All Items (HVAC etc.)",2022-06-13,
rule_A201,ALL,L47,,,ALL,,,,,0.6,,,"All Items (HVAC etc.)",2022-06-13,
rule_A201,ALL,H45,,,ALL,,,,,0.6,,,"All Items (HVAC etc.)",2022-06-13,
rule_A201,ALL,LFD,,,ALL,,,,,0.41,,,"All Items (HVAC etc.)",2022-06-13,
rule_A201,ALL,HZG,,,ALL,,,,,0.5,,,"All Items (HVAC etc.)",2022-06-13,
rule_A201,ALL,L38,,,ALL,,,,,0.5,,,AC unit,2022-06-13,
rule_A201,ALL,L43,,,ALL,,,,,0.5,,,AC unit,2022-06-13,
rule_A201,ALL,L47,,,ALL,,,,,0.5,,,AC unit,2022-06-13,
rule_A201,ALL,H45,,,ALL,,,,,0.5,,,AC unit,2022-06-13,
rule_A201,ALL,L38,,,ACTUATOR-MODE,,,,,0.41,,,2022-06-13,
rule_A201,ALL,L43,,,ACTUATOR-MODE,,,,,0.41,,,2022-06-13,
rule_A201,ALL,L47,,,ACTUATOR-MODE,,,,,0.41,,,2022-06-13,
rule_A201,ALL,H45,,,ACTUATOR-MODE,,,,,0.41,,,2022-06-13,
rule_A201,ALL,LFD,,,CAP FILTER ASSY,,,,,0.41,,,2022-06-13,
rule_A201,ALL,HZG,,,CAP FILTER ASSY,,,,,0.5,,,2022-06-13,
rule_A201,ALL,L38,,,COND & LIQUID TANK ASSY,,,,,0.5,,,2022-06-13,
rule_A201,ALL,L43,,,COND & LIQUID TANK ASSY,,,,,0.5,,,2022-06-13,
rule_A201,ALL,L47,,,COND & LIQUID TANK ASSY,,,,,0.5,,,2022-06-13,
rule_A201,ALL,H45,,,COND & LIQUID TANK ASSY,,,,,0.5,,,2022-06-13,
rule_A201,ALL,L38,,,CONDENSER,,,,,0.6,,,2022-06-13,
rule_A201,ALL,L43,,,CONDENSER,,,,,0.6,,,2022-06-13,
rule_A201,ALL,L47,,,CONDENSER,,,,,0.6,,,2022-06-13,
rule_A201,ALL,H45,,,CONDENSER,,,,,0.6,,,2022-06-13,
rule_A201,ALL,L38,,,EVAPORATOR SENSER ASSY,,,,,0.5,,,2022-06-13,
rule_A201,ALL,L43,,,EVAPORATOR SENSER ASSY,,,,,0.5,,,2022-06-13,
rule_A201,ALL,L47,,,EVAPORATOR SENSER ASSY,,,,,0.5,,,2022-06-13,
rule_A201,ALL,H45,,,EVAPORATOR SENSER ASSY,,,,,0.5,,,2022-06-13,
rule_A201,ALL,L38,,,FAN UNIT-ENG COOLING,,,,,0.6,,,2022-06-13,
rule_A201,ALL,L43,,,FAN UNIT-ENG COOLING,,,,,0.6,,,2022-06-13,
rule_A201,ALL,L47,,,FAN UNIT-ENG COOLING,,,,,0.6,,,2022-06-13,
rule_A201,ALL,H45,,,FAN UNIT-ENG COOLING,,,,,0.6,,,2022-06-13,
rule_A201,ALL,L38,,,MODULE ASSY-POWER,,,,,0.5,,,2022-06-13,
rule_A201,ALL,L43,,,MODULE ASSY-POWER,,,,,0.5,,,2022-06-13,
rule_A201,ALL,L47,,,MODULE ASSY-POWER,,,,,0.5,,,2022-06-13,
rule_A201,ALL,H45,,,MODULE ASSY-POWER,,,,,0.5,,,2022-06-13,
rule_A201,ALL,LFD,,,MOTOR & FAN ASSY-FRONT BLOWER,,,,,0.41,,,2022-06-13,
rule_A201,ALL,HZG,,,MOTOR & FAN ASSY-FRONT BLOWER,,,,,0.5,,,2022-06-13,
rule_A201,ALL,L38,,,PIPE ASSY-CONDENSER,,,,,0.5,,,"PIPE ASSY-CONDENSER, EXPANSION VALVE",2022-06-13,
rule_A201,ALL,L43,,,PIPE ASSY-CONDENSER,,,,,0.5,,,"PIPE ASSY-CONDENSER, EXPANSION VALVE",2022-06-13,
rule_A201,ALL,L47,,,PIPE ASSY-CONDENSER,,,,,0.5,,,"PIPE ASSY-CONDENSER, EXPANSION VALVE",2022-06-13,
rule_A201,ALL,H45,,,PIPE ASSY-CONDENSER,,,,,0.5,,,"PIPE ASSY-CONDENSER, EXPANSION VALVE",2022-06-13,
rule_A201,ALL,L38,,,EXPANSION VALVE,,,,,0.5,,,"PIPE ASSY-CONDENSER, EXPANSION VALVE",2022-06-13,
rule_A201,ALL,L43,,,EXPANSION VALVE,,,,,0.5,,,"PIPE ASSY-CONDENSER, EXPANSION VALVE",2022-06-13,
rule_A201,ALL,L47,,,EXPANSION VALVE,,,,,0.5,,,"PIPE ASSY-CONDENSER, EXPANSION VALVE",2022-06-13,
rule_A201,ALL,H45,,,EXPANSION VALVE,,,,,0.5,,,"PIPE ASSY-CONDENSER, EXPANSION VALVE",2022-06-13,
rule_A201,ALL,L38,,,RADIATOR,,,,,0.6,,,2022-06-13,
rule_A201,ALL,L43,,,RADIATOR,,,,,0.6,,,2022-06-13,
rule_A201,ALL,L47,,,RADIATOR,,,,,0.6,,,2022-06-13,
rule_A201,ALL,H45,,,RADIATOR,,,,,0.6,,,2022-06-13,
rule_A201,ALL,L38,,,RADIATOR COMPL,,,,,0.5,,,2022-06-13,
rule_A201,ALL,L43,,,RADIATOR COMPL,,,,,0.5,,,2022-06-13,
rule_A201,ALL,L47,,,RADIATOR COMPL,,,,,0.5,,,2022-06-13,
rule_A201,ALL,H45,,,RADIATOR COMPL,,,,,0.5,,,2022-06-13,
rule_A201,ALL,L38,,,SHROUD ASSY-W/MOTOR FAN,,,,,0.5,,,2022-06-13,
rule_A201,ALL,L43,,,SHROUD ASSY-W/MOTOR FAN,,,,,0.5,,,2022-06-13,
rule_A201,ALL,L47,,,SHROUD ASSY-W/MOTOR FAN,,,,,0.5,,,2022-06-13,
rule_A201,ALL,H45,,,SHROUD ASSY-W/MOTOR FAN,,,,,0.5,,,2022-06-13,
rule_A201,ALL,L38,,,TANK ASSY-RESVR,,,,,0.5,,,2022-06-13,
rule_A201,ALL,L43,,,TANK ASSY-RESVR,,,,,0.5,,,2022-06-13,
rule_A201,ALL,L47,,,TANK ASSY-RESVR,,,,,0.5,,,2022-06-13,
rule_A201,ALL,H45,,,TANK ASSY-RESVR,,,,,0.5,,,2022-06-13,
rule_B205,ALL,L38,,,ALL,,,,,0.44,,,"SUNROOF",,
rule_B508,ALL,L38,,,ALL,,,,,0.6,,,"All items ( Door stopper etc.)",,
rule_B508,ALL,L43,,,ALL,,,,,0.6,,,"All items ( Door stopper etc.)",,
rule_B508,ALL,L47,,,ALL,,,,,0.6,,,"All items ( Door stopper etc.)",,
rule_B508,ALL,H45,,,ALL,,,,,0.6,,,"All items ( Door stopper etc.)",,
rule_B508,ALL,LFD,,,ALL,,,,,0.5,,,"All items (LOCK-HOOD etc.)",,
rule_B508,ALL,HZG,,,ALL,,,,,0.5,,,"All items (LOCK-HOOD etc.)",,
rule_B904,ALL,L47,,,ALL,,,,,0.35,,,"All Items (SEAL-WELT BODY SIDE)",,
rule_B904,ALL,LFD,,,ALL,,,,,0.35,,,"All Items (WELT-BODY DOOR)",,
rule_B908,ALL,LFD,,,ALL,,,,,0.50,,,"All Items (LIGHT-OVERHEAD READING)",,
rule_B908,ALL,HZG,,,ALL,,,,,0.50,,,"All Items (LIGHT-OVERHEAD READING)",,
rule_B923,ALL,L43,,,ALL,,,,,0.50,,,"etc (Arm, Blade..)",,
rule_B923,ALL,L47,,,ALL,,,,,0.50,,,"etc (Arm, Blade..)",,
rule_B923,ALL,L38,,,MECHANISM-WS WIPER,,,,,0.51,,,,
rule_B923,ALL,L43,,,MECHANISM-WS WIPER,,,,,0.70,,,,
rule_B923,ALL,L47,,,MECHANISM-WS WIPER,,,,,0.70,,,,
rule_B923,ALL,HZG,,,ALL,,,,,0.50,,,,
rule_B928,ALL,H45,,,Wiper,,,,,0.50,,,,
rule_B928,ALL,LFD,,,Wiper,,,,,0.50,,,,
rule_B932,ALL,H45,,,GLASS RUN-DOOR WDW,,,,,0.16,,,,
rule_B932,ALL,HZG,,,ALL,,,,,0.50,,,"All Items(GLASS RUN-DOOR WDW)",,
rule_B933,ALL,H45,,,ALL,,,,,0.50,,,"Others",,
rule_B933,ALL,H45,,,Condenser,,,,,0.33,,,,,
rule_B933,ALL,H45,,,Horn assy,,,,,0.35,,,,,
rule_B933,ALL,H45,,,Windshild washer tank,,,,,0.50,,,,,
rule_B933,ALL,H45,,,Pump washer,,,,,0.67,,,,,
rule_B933,ALL,H45,,,Radiator,,,,,0.75,,,,,
rule_B933,ALL,H45,,,Bolt,,,,,0.80,,,,,
rule_B933,ALL,L43,,,ALL,,,,,0.50,,,,,
rule_B933,DOMESTIC,H45,,,MOTOR ASSY,,,,,0.05,,,,,
rule_B933,DOMESTIC,H45,,,SHROUD ASSY-W/MOTOR FAN,,,,,0.05,,,,,
rule_B933,OVERSEAS,H45,,,MOTOR ASSY,,,,,0.00,,,,,
rule_B933,OVERSEAS,H45,,,SHROUD ASSY-W/MOTOR FAN,,,,,0.00,,,,,
rule_B946,ALL,L43,,,Sunroof,,,,,0.50,,,,
rule_B946,ALL,L47,,,Sunroof,,,,,0.50,,,,
rule_B946,ALL,H45,,,Sunroof,,,,,0.595,,,,
rule_B946,ALL,LFD,,,Sunroof,,,,,0.50,,,,
rule_B946,ALL,HZG,,,Sunroof,,,,,0.50,,,,
rule_C102,ALL,L38,,,Tire,,,,,0.60,,,,
rule_C102,ALL,L43,,,Tire,,,,,0.60,,,,
rule_C102,ALL,L47,,,Tire,,,,,0.60,,,,
rule_C102,ALL,H45,,,Tire,,,,,0.60,,,,
rule_C102,ALL,LFD,,,Tire,,,,,0.60,,,,
rule_C102,ALL,HZG,,,Tire,,,,,0.60,,,,
rule_C106,ALL,ALL,,,ALL,,,,,0.40,,,"All Items (DYNAMIC INSUL)",,
rule_C401,ALL,L38,,,ALL,,,,,0.50,,,"All Items (Blade, Wiper)",,
rule_C401,ALL,H45,,,ALL,,,,,0.50,,,"All Items (Blade, Wiper)",,
rule_C802,ALL,L38,,,ALL,,,,,0.196,,,"All Items (Drive shaft)",,
rule_C802,ALL,L43,,,ALL,,,,,0.196,,,"All Items (Drive shaft)",,
rule_C802,ALL,L47,,,ALL,,,,,0.196,,,"All Items (Drive shaft)",,
rule_C802,ALL,H45,,,ALL,,,,,0.196,,,"All Items (Drive shaft)",,
rule_C802,ALL,LFD,,,ALL,,,,,0.309,,,"All Items (Drive shaft)",,
rule_C810,ALL,L38,,,INSTRUMENT PANEL,,,,,0.50,,,,
rule_C810,ALL,L43,,,INSTRUMENT PANEL,,,,,0.50,,,,
rule_C810,ALL,H45,,,INSTRUMENT PANEL,,,,,0.50,,,,
rule_C810,ALL,L43,,,Sensor,,,,,0.50,,,,
rule_C810,ALL,L47,,,Sensor,,,,,0.50,,,,
rule_C810,ALL,LFD,,,INSTRUMENT PANEL,,,,,0.50,,,,
rule_C810,ALL,HZG,,,INSTRUMENT PANEL,,,,,0.50,,,,
rule_C902,ALL,L43,,,ALL,,,,,0.50,,,"All Items (MFLR-Assy Exhaust)",,
rule_C902,ALL,H45,,,ALL,,,,,0.50,,,"All Items (MFLR-Assy Exhaust)",,
rule_C902,ALL,LFD,,,ALL,,,,,0.50,,,"All Items (MFLR-Assy Exhaust)",,
rule_C902,ALL,HZG,,,ALL,,,,,0.50,,,"All Items (MFLR-Assy Exhaust)",,
rule_C910,ALL,LMx,,,Fuel Tube,,,,,0.35,,,,
rule_C910,ALL,LFD,,,Fuel Tube,,,,,0.50,,,,
rule_C910,ALL,HZG,,,Fuel Tube,,,,,0.50,,,,
rule_C911,ALL,LFD,,,ALL,,,,,0.50,,,"All items (CONDENSER etc.)",,
rule_C911,ALL,HZG,,,ALL,,,,,0.50,,,"All items (CONDENSER etc.)",,
rule_C912,ALL,ALL,,,ALL,,,,,0.40,,,"All Items (LJL 40%)",,
rule_C917,ALL,L38,,,ALL,,,,,0.20,,,"All items (CANISTER ASSY-EVAP)",,
rule_C917,ALL,L43,,,ALL,,,,,0.20,,,"All items (CANISTER ASSY-EVAP)",,
rule_C917,ALL,L47,,,ALL,,,,,0.20,,,"All items (CANISTER ASSY-EVAP)",,
rule_C917,ALL,H45,,,ALL,,,,,0.20,,,"All items (CANISTER ASSY-EVAP)",,
rule_C917,ALL,LFD,,,ALL,,,,,0.20,,,"All items (CANISTER ASSY-EVAP)",,
rule_C917,ALL,HZG,,,ALL,,,,,0.20,,,"All items (CANISTER ASSY-EVAP)",,
rule_C917,ALL,,,,,ALL,,80000,5,,,,,
rule_C922,ALL,ALL,,,ALL,,,,,0.60,,,"All Parts",2019-07-01,
rule_C930,ALL,L38,,,W/O Column-EPS,,,,,0.096,,,,
rule_C931,ALL,,,,Brake,,,,,0.27,,,,
rule_C933,ALL,LFD,,,VAVLE-A/C PIPE,,,,,0.50,,,,
rule_C933,ALL,HZG,,,ALL,,,,,0.50,,,,
rule_C934,ALL,ALL,,,ALL,,,,,0.50,,,,
rule_C934,ALL,LJL,,,ALL,,,,,0.60,,,,
rule_C939,ALL,L43,,,ALL,,,,,0.38,,,"All items (TUBE ASSY-EXHAUST)",,
rule_C939,ALL,L47,,,ALL,,,,,0.38,,,"All items (TUBE ASSY-EXHAUST)",,
rule_E00314,ALL,LFD,,,Seat buckle,,,,,0.23,,,,
rule_E00314,ALL,LFD,,,FR Side BACK,,,,,0.11,,,,
rule_E00314,ALL,LFD,,,RR side back,,,,,0.30,,,,
rule_E505,ALL,ALL,,,ALL,,,,,0.50,,,,
rule_E505,ALL,LJL,,,ALL,,,,,0.60,,,,
rule_E601,ALL,L38,,,ALL,,,,,0.50,,,"All items (STALK-COMBINATION etc.)",,
rule_E601,ALL,L43,,,ALL,,,,,0.50,,,"All items (STALK-COMBINATION etc.)",,
rule_E601,ALL,L47,,,ALL,,,,,0.50,,,"All items (STALK-COMBINATION etc.)",,
rule_E601,ALL,H45,,,ALL,,,,,0.50,,,"All items (STALK-COMBINATION etc.)",,
rule_E601,ALL,LFD,,,TRUNK DOOR OPENING SWITHC - BUTTON,,,,,0.50,,,,
rule_E601,ALL,HZG,,,TRUNK DOOR OPENING SWITHC - BUTTON,,,,,0.50,,,,
rule_E603,ALL,L43,,,PMW,,,,,0.50,,,,
rule_E603,ALL,L47,,,PMW,,,,,0.50,,,,
rule_E604,ALL,LMx,,,Annt,,,,,0.40,,,,
rule_E604,ALL,J87,,,Annt,,,,,0.40,,,,
rule_E604,ALL,LFD,,,Annt,,,,,0.50,,,,
rule_E604,ALL,HZG,,,Annt,,,,,0.50,,,,
rule_E703,ALL,H45,,,ALL,,,,,0.43,,,"All items except Harn-eng room",,
rule_E703,ALL,H45,,,HARN-ENG ROOM,,,,,0.05,,,,
rule_E703,ALL,L38,,,ALL,,,,,0.43,,,"All items (Harness RR)",,
rule_E902,ALL,L47,,,CAMERA ASSY-RR,,,,,0.62,,,,
rule_E910,ALL,LJL,,,ALL,,,,,0.60,,,,
rule_E910,ALL,L38,,,NAVIGATION,,,,,0.79,,,,
rule_E910,ALL,L43,,,NAVIGATION,,,,,0.79,,,,
rule_E910,ALL,L47,,,NAVIGATION,,,,,0.79,,,,
rule_E910,ALL,H45,,,NAVIGATION,,,,,0.79,,,,
rule_E910,ALL,LFD,,,NAVI BOX,,,,,0.50,,,,
rule_E910,ALL,HZG,,,NAVI BOX,,,,,0.50,,,,
rule_E913,ALL,ALL,,,ALL,,,,,0.40,,,,
rule_E913,ALL,LJL,,,ALL,,,,,0.40,,,,
rule_E914,ALL,LFD,,,BATTERY,,,,,0.30,,,,
rule_E915,ALL,L38,,,METER ASSY-COMB,,,,,0.53,,,,
rule_E915,ALL,L47,,,METER ASSY-COMB,,,,,0.35,,,,
rule_E923,ALL,ALL,,,ALL,,,,,0.50,,,,
rule_E923,ALL,LJL,,,ALL,,,,,0.60,,,,
rule_G210,ALL,L38,,,ALL,,,,,0.50,,,"All Items (Air duct)",,
rule_G210,ALL,L43,,,ALL,,,,,0.50,,,"All Items (Air duct)",,
rule_G210,ALL,L47,,,ALL,,,,,0.50,,,"All Items (Air duct)",,
rule_G210,ALL,LFD,,,ALL,,,,,0.50,,,"All Items (Air duct)",,
rule_G210,ALL,HZG,,,ALL,,,,,0.50,,,"All Items (Air duct)",,
rule_G212,ALL,ALL,,,ALL,,,,,0.50,,,,
rule_G212,ALL,LJL,,,ALL,,,,,0.60,,,,
rule_G215,ALL,ALL,,,ALL,,,,,0.50,,,,
rule_G215,ALL,LJL,,,ALL,,,,,0.60,,,,
rule_G601,ALL,ALL,,,ALL,,,,,0.50,,,,
rule_G804,ALL,L38,,,PAN-OIL,,,,,0.50,,,,
rule_G804,ALL,L43,,,PAN-OIL,,,,,0.50,,,,
rule_G804,ALL,L47,,,PAN-OIL,,,,,0.50,,,,
rule_G804,ALL,LFD,,,PAN-OIL,,,,,0.50,,,,
rule_G804,ALL,HZG,,,PAN-OIL,,,,,0.50,,,,
rule_G804,ALL,L38,,,ENGINE,,,,,0.50,,,,
rule_G804,ALL,L43,,,ENGINE,,,,,0.50,,,,
rule_G804,ALL,L47,,,ENGINE,,,,,0.50,,,,
rule_G804,ALL,LFD,,,ENGINE,,,,,0.50,,,,
rule_G804,ALL,HZG,,,ENGINE,,,,,0.50,,,,
rule_G812,ALL,L38,,,KNOB-SHIFT LEVER,,,,,0.166,,,,
rule_G912,ALL,LFD,,,ALL,,,,,0.50,,,,
rule_G912,ALL,HZG,,,ALL,,,,,0.50,,,,
rule_G912,ALL,L38,,,BELT-ALTNTR,,,,,0.25,,,,
rule_G912,ALL,L43,,,BELT-ALTNTR,,,,,0.25,,,,
rule_G912,ALL,L47,,,BELT-ALTNTR,,,,,0.25,,,,
rule_G912,ALL,H45,,,BELT-ALTNTR,,,,,0.25,,,,
rule_G924,ALL,H45,,,Cover Assy-Timing,,,,,0.15,,,"Cover Assy-Timing/Cover CYL Head/HSG-Thermostat Valve",,
rule_G924,ALL,L38,,,Cover Assy-Timing,,,,,0.15,,,"Cover Assy-Timing/Cover CYL Head/HSG-Thermostat Valve",,
rule_G924,ALL,L43,,,Cover Assy-Timing,,,,,0.15,,,"Cover Assy-Timing/Cover CYL Head/HSG-Thermostat Valve",,
rule_G924,ALL,L47,,,Cover Assy-Timing,,,,,0.15,,,"Cover Assy-Timing/Cover CYL Head/HSG-Thermostat Valve",,
rule_G924,ALL,LFD,,,Cover Assy-Timing,,,,,0.15,,,"Cover Assy-Timing/Cover CYL Head/HSG-Thermostat Valve",,
rule_G924,ALL,XZG,,,Cover Assy-Timing,,,,,0.15,,,"Cover Assy-Timing/Cover CYL Head/HSG-Thermostat Valve",,
rule_G924,ALL,H45,,,Cover CYL Head,,,,,0.15,,,"Cover Assy-Timing/Cover CYL Head/HSG-Thermostat Valve",,
rule_G924,ALL,L38,,,Cover CYL Head,,,,,0.15,,,"Cover Assy-Timing/Cover CYL Head/HSG-Thermostat Valve",,
rule_G924,ALL,L43,,,Cover CYL Head,,,,,0.15,,,"Cover Assy-Timing/Cover CYL Head/HSG-Thermostat Valve",,
rule_G924,ALL,L47,,,Cover CYL Head,,,,,0.15,,,"Cover Assy-Timing/Cover CYL Head/HSG-Thermostat Valve",,
rule_G924,ALL,LFD,,,Cover CYL Head,,,,,0.15,,,"Cover Assy-Timing/Cover CYL Head/HSG-Thermostat Valve",,
rule_G924,ALL,XZG,,,Cover CYL Head,,,,,0.15,,,"Cover Assy-Timing/Cover CYL Head/HSG-Thermostat Valve",,
rule_G924,ALL,H45,,,HSG-Thermostat Valve,,,,,0.15,,,"Cover Assy-Timing/Cover CYL Head/HSG-Thermostat Valve",,
rule_G924,ALL,L38,,,HSG-Thermostat Valve,,,,,0.15,,,"Cover Assy-Timing/Cover CYL Head/HSG-Thermostat Valve",,
rule_G924,ALL,L43,,,HSG-Thermostat Valve,,,,,0.15,,,"Cover Assy-Timing/Cover CYL Head/HSG-Thermostat Valve",,
rule_G924,ALL,L47,,,HSG-Thermostat Valve,,,,,0.15,,,"Cover Assy-Timing/Cover CYL Head/HSG-Thermostat Valve",,
rule_G924,ALL,LFD,,,HSG-Thermostat Valve,,,,,0.15,,,"Cover Assy-Timing/Cover CYL Head/HSG-Thermostat Valve",,
rule_G924,ALL,XZG,,,HSG-Thermostat Valve,,,,,0.15,,,"Cover Assy-Timing/Cover CYL Head/HSG-Thermostat Valve",,
rule_G930,ALL,ALL,,,ALL,,,100000,5,,,,,
rule_G930,ALL,ALL,,,ALL,,,,,0.15,,,,
rule_G933,ALL,LJL,,,ALL,,,,,0.50,,,,,
rule_I100,ALL,L43,,,ALL,,,,,0.55,,,"All items (MLDG-LH BODY SIDE etc.)",,
rule_I100,ALL,L47,,,ALL,,,,,0.55,,,"All items (MLDG-LH BODY SIDE etc.)",,
rule_I100,ALL,LFD,,,ALL,,,,,0.50,,,"All items (MLDG-RR RH DOOR FRAME, INR)",,
rule_I100,ALL,HZG,,,ALL,,,,,0.50,,,"All items (MLDG-RR RH DOOR FRAME, INR)",,
rule_I302,ALL,HZG,,,O/S MIRROR,,,,,0.50,,,,
rule_I401,ALL,ALL,,,ALL,,,,,0.50,,,,
rule_I401,ALL,LJL,,,ALL,,,,,0.60,,,,
rule_I405,ALL,H45,,,BELT ASSY-BUCKLE,,,,,0.50,,,,
rule_I601,ALL,ALL,,,ALL,,,,,0.50,,,,
rule_I601,ALL,LJL,,,ALL,,,,,0.60,,,,
rule_I801,ALL,ALL,,,ALL,,,,,0.50,,,,
rule_I801,ALL,LJL,,,ALL,,,,,0.60,,,,
rule_I801,ALL,ALL,,,ALL,0155800451,,,0.00,,,,
rule_I906,ALL,L38,,,ALL,,,,,0.423,,,"All items (CONDENSER etc.)",,
rule_I906,ALL,L43,,,ALL,,,,,0.423,,,"All items (CONDENSER etc.)",,
rule_I906,ALL,L47,,,ALL,,,,,0.423,,,"All items (CONDENSER etc.)",,
rule_I906,ALL,H45,,,ALL,,,,,0.423,,,"All items (CONDENSER etc.)",,
rule_I906,ALL,L38,,,RADIATOR,,,,,0.51,,,,
rule_I906,ALL,L43,,,RADIATOR,,,,,0.51,,,,
rule_I906,ALL,L47,,,RADIATOR,,,,,0.51,,,,
rule_I906,ALL,H45,,,RADIATOR,,,,,0.51,,,,
rule_I908,ALL,L38,,,ALL,,,,,0.60,,,"All Items (MLDG-ENG)",,
rule_I908,ALL,L43,,,ALL,,,,,0.60,,,"All Items (MLDG-ENG)",,
rule_I908,ALL,L47,,,ALL,,,,,0.60,,,"All Items (MLDG-ENG)",,
rule_I908,ALL,H45,,,ALL,,,,,0.60,,,"All Items (MLDG-ENG)",,
rule_I908,ALL,LFD,,,ALL,,,,,0.35,,,"All Items (TRIM WS PLR etc.)",,
rule_I908,ALL,HZG,,,ALL,,,,,0.50,,,"All Items",,
rule_I911,ALL,ALL,,,ALL,,,,,0.50,,,,
rule_I922,ALL,L43,,,ALL,,,,,0.25,,"All Items (Glove box etc.)",,
rule_R201,ALL,H45,,,ALL,,,,,0.10,,,"All Items (Unit-filtering assy, Insul assy-strut)",,
rule_R201,ALL,LFD,,,ALL,,,,,0.50,,,"All Items",,
rule_R201,ALL,HZG,,,ALL,,,,,0.50,,,"All Items",,
rule_R603,ALL,L38,,,ALL,,,,,0.35,,,"All Items (Weltbody Side, Glass run door window)",,
rule_R603,ALL,L43,,,ALL,,,,,0.35,,,"All Items (Weltbody Side, Glass run door window)",,
rule_R603,ALL,L47,,,ALL,,,,,0.35,,,"All Items (Weltbody Side, Glass run door window)",,
rule_R603,ALL,H45,,,ALL,,,,,0.35,,,"All Items (Weltbody Side, Glass run door window)",,
rule_R801,ALL,L38,,,ALL,,,,,0.10,,,"All Items (STOP-HOOD etc.)",,
rule_R801,ALL,L43,,,ALL,,,,,0.10,,,"All Items (STOP-HOOD etc.)",,
rule_R801,ALL,L47,,,ALL,,,,,0.10,,,"All Items (STOP-HOOD etc.)",,
rule_R801,ALL,H45,,,ALL,,,,,0.10,,,"All Items (STOP-HOOD etc.)",,
rule_R805,ALL,L38,,,ALL,,,,,0.50,,,,
rule_R805,ALL,L43,,,ALL,,,,,0.50,,,,
rule_R805,ALL,L47,,,ALL,,,,,0.50,,,,
rule_R805,ALL,H45,,,ALL,,,,,0.50,,,,
rule_R805,ALL,LFD,,,ALL,,,,,0.50,,,,
rule_R805,ALL,HZG,,,ALL,,,,,0.50,,,,
rule_R908,ALL,ALL,,,ALL,,,,,0.50,,,,
rule_R908,ALL,LJL,,,ALL,,,,,0.60,,,,
rule_X081,ALL,L38,,,LIFT -WDW,,,,,0.25,,,,
rule_X081,ALL,L43,,,LIFT -WDW,,,,,0.25,,,,
rule_X081,ALL,L47,,,LIFT -WDW,,,,,0.25,,,,
rule_X081,ALL,LFD,,,LIFT -WDW,,,,,0.25,,,,
rule_X081,ALL,LFD,,,LIFT -WDW,80721-5098R,,,0.80,,,,
rule_Z111,DOMESTIC,H45,,,Arm assy,,,,,0.50,,,,
rule_Z111,DOMESTIC,H45,,,Driver assy,,,,,0.50,,,,
rule_Z111,OVERSEAS,H45,,,Arm assy,,,,,0.58,,,,
rule_Z111,OVERSEAS,H45,,,Driver assy,,,,,0.58,,,,
rule_Z178,ALL,ALL,,,ALL,,,,,0.50,,,,
rule_Z178,ALL,LJL,,,ALL,,,,,0.60,,,,
rule_Z235,ALL,L38,,,COMPR-AIR COND,,,,,0.43,,,,
rule_Z239,ALL,L38,,,CABLE-SHIFT CTRL,,,,,0.1061,,,,
rule_Z239,ALL,L38,,,DEVICE ASSY-TRANSMISSION CONTR,,,,,0.0741,,,,
rule_Z239,ALL,L38,,,KNOB-SHIFT LEVER,,,,,0.0741,,,,
rule_Z239,ALL,L38,,,PN STOPPER ASSY-SOLENOID,,,,,0.0741,,,,
rule_Z239,ALL,L38,,,UNIT-GEAR CONT,,,,,0.0741,,,,
rule_Z239,ALL,L43,,,CABLE-SHIFT CTRL,,,,,0.1061,,,,
rule_Z239,ALL,L43,,,DEVICE ASSY-TRANSMISSION CONTR,,,,,0.0741,,,,
rule_Z239,ALL,L43,,,KNOB-SHIFT LEVER,,,,,0.0741,,,,
rule_Z239,ALL,L43,,,PN STOPPER ASSY-SOLENOID,,,,,0.0741,,,,
rule_Z239,ALL,L43,,,UNIT-GEAR CONT,,,,,0.0741,,,,
rule_Z239,ALL,L47,,,CABLE-SHIFT CTRL,,,,,0.1061,,,,
rule_Z239,ALL,L47,,,DEVICE ASSY-TRANSMISSION CONTR,,,,,0.0741,,,,
rule_Z239,ALL,L47,,,KNOB-SHIFT LEVER,,,,,0.0741,,,,
rule_Z239,ALL,L47,,,PN STOPPER ASSY-SOLENOID,,,,,0.0741,,,,
rule_Z239,ALL,L47,,,UNIT-GEAR CONT,,,,,0.0741,,,,
rule_Z239,ALL,H45,,,CABLE-SHIFT CTRL,,,,,0.1061,,,,
rule_Z239,ALL,H45,,,DEVICE ASSY-TRANSMISSION CONTR,,,,,0.0741,,,,
rule_Z239,ALL,H45,,,KNOB-SHIFT LEVER,,,,,0.0741,,,,
rule_Z239,ALL,H45,,,PN STOPPER ASSY-SOLENOID,,,,,0.0741,,,,
rule_Z239,ALL,H45,,,UNIT-GEAR CONT,,,,,0.0741,,,,
rule_Z246,ALL,L43,,,COMPR-AIR COND,82008_35879,,,,0.378,,,,
rule_Z246,ALL,L43,,,COMPR-AIR COND,82008_98810,,,,0.378,,,,
rule_Z246,ALL,L43,,,COMPR-AIR COND,92600_3748R,,,,0.378,,,,
rule_Z246,ALL,L43,,,COMPR-AIR COND,92600_7598R,,,,0.378,,,,
rule_Z246,ALL,L47,,,COMPR-AIR COND,82008_35879,,,,0.378,,,,
rule_Z246,ALL,L47,,,COMPR-AIR COND,82008_98810,,,,0.378,,,,
rule_Z246,ALL,L47,,,COMPR-AIR COND,92600_3748R,,,,0.378,,,,
rule_Z246,ALL,L47,,,COMPR-AIR COND,92600_7598R,,,,0.378,,,,
rule_Z260,ALL,L38,,,ALL,,,,,0.53,,,"All items (Door lock)",,
rule_Z260,ALL,L43,,,ALL,,,,,0.53,,,"All items (Door lock)",,
rule_Z260,ALL,L47,,,ALL,,,,,0.53,,,"All items (Door lock)",,
rule_Z262,ALL,L38,,,STRIKER-DOOR LOCK,,,,,0.46,,,,,
rule_Z262,ALL,L43,,,STRIKER-DOOR LOCK,,,,,0.46,,,,,
rule_Z262,ALL,L47,,,STRIKER-DOOR LOCK,,,,,0.46,,,,,
rule_Z286,ALL,L38,,,ALL,,,,,0.42,,,"All Items (Sensor-Parking Aid..)",,
rule_Z286,ALL,L43,,,ALL,,,,,0.42,,,"All Items (Sensor-Parking Aid..)",,
rule_Z308,ALL,L38,,,LOCK-TRUNK LID,,,,,0.10,,,,
rule_Z308,ALL,L43,,,LOCK-TRUNK LID,,,,,0.10,,,,
rule_Z308,ALL,L47,,,LOCK-TRUNK LID,,,,,0.10,,,,
rule_Z369,ALL,LJL,,,control assy-FR RADAR,,,,,0.50,,,2021-03-01,
rule_Z383,ALL,HZG,,,OUTSIDE MIRROR,,,,,0.50,,,,
rule_Z383,ALL,HZG,,,MIRROR ASSY-DOOR,,,,,0.50,,,,
rule_Z386,ALL,,,,,,,,,0.50,,,,2020-03-01,2021-02-28
rule_Z386,ALL,,,,,,,,,0.1154,,,,"2021-03-01",
rule_Z389,ALL,ALL,,,Radio Car,,,,,0.35,,,"Radio Car (entry사양)","2021-03-23",
rule_Z432,ALL,HZG,,,Radar Camera,,,,,0.6447,,,,,2020-09-10
rule_Z432,ALL,HZG,,,Radar Camera,,,,,0.3231,,,,2020-09-11,
rule_Z442,ALL,ALL,,,ALL,,,,,0.2195,,,,
rule_Z456,ALL,LJL,,,CONT ASSY-USM,,,,,0.175,,,"= UNDERHOOD SWITCHING MODULE",2021-07-08,
rule_Z456,ALL,LFD,,,CONT ASSY-USM,,,,,0.175,,,"= UNDERHOOD SWITCHING MODULE",2021-07-08,
rule_Z456,ALL,HZG,,,CONT ASSY-USM,,,,,0.175,,,"= UNDERHOOD SWITCHING MODULE",2021-07-08,
rule_Z456,ALL,LJL,,,UNDERHOOD SWITCHING MODULE,,,,,0.175,,,"= CONT ASSY-USM",2021-07-08,
rule_Z456,ALL,LFD,,,UNDERHOOD SWITCHING MODULE,,,,,0.175,,,"= CONT ASSY-USM",2021-07-08,
rule_Z456,ALL,HZG,,,UNDERHOOD SWITCHING MODULE,,,,,0.175,,,"= CONT ASSY-USM",2021-07-08,
rule_Z543,ALL,L38,,,Alternator,,,,,0.25,,,,
rule_Z543,ALL,LJL,,,ALL,,,,,0.60,,,,
rule_B204,ALL,ALL,,,ALL,,,,,0.40,,,,,
rule_B401,ALL,ALL,,,ALL,,,,,0.50,,,,,
rule_B401,ALL,LJL,,,ALL,,,,,0.60,,,,,
rule_B407,ALL,L38,,,Trunk lid,,,,,0.30,,,,,
rule_B407,ALL,L38,,,gas stay,,,,,0.30,,,,,
rule_B407,ALL,L43,,,Trunk lid,,,,,0.30,,,,,
rule_B407,ALL,L43,,,gas stay,,,,,0.30,,,,,
rule_B407,ALL,L47,,,Trunk lid,,,,,0.30,,,,,
rule_B407,ALL,L47,,,gas stay,,,,,0.30,,,,,
rule_B407,ALL,LFD,,,Trunk lid,,,,,0.30,,,,,
rule_B407,ALL,LFD,,,gas stay,,,,,0.30,,,,,
rule_B901,ALL,,,,ALL,,,,,0.50,,,,,
rule_B901,ALL,LJL,,,ALL,,,,,0.50,,,,,
rule_B902,ALL,ALL,,,ALL,,,,,0.50,,,,,
rule_B902,ALL,LJL,,,ALL,,,,,0.60,,,,,
rule_B913,ALL,ALL,,,ALL,,,,,0.50,,,,,
rule_B913,ALL,LJL,,,ALL,,,,,0.60,,,,,
rule_B919,ALL,LFD,,,Glass run door window,,,,,0.50,,,,,
rule_B921,ALL,ALL,,,ALL,,,,,0.50,,,,,
rule_B921,ALL,LJL,,,ALL,,,,,0.60,,,,,
rule_B925,ALL,ALL,,,ALL,,,,,0.50,,,,,
rule_B925,ALL,LJL,,,ALL,,,,,0.60,,,,,
rule_B935,ALL,ALL,,,ALL,,,,,0.121,,,,,
rule_B945,ALL,ALL,,,ALL,,,,,0.50,,,,,
rule_B945,ALL,LJL,,,ALL,,,,,0.60,,,,,
rule_B951,ALL,ALL,,,ALL,,,,,0.50,,,,,
rule_C104,ALL,H45,,,ALL,,,,,0.30,,,"All Items (GAUGE-FUEL)",,
rule_C104,ALL,L38,,,ALL,,,,,0.07,,,"All items (TANK ASSY-FUEL)",,
rule_C104,ALL,L43,,,ALL,,,,,0.07,,,"All items (TANK ASSY-FUEL)",,
rule_C104,ALL,L47,,,ALL,,,,,0.07,,,"All items (TANK ASSY-FUEL)",,
rule_C406,ALL,ALL,,,ALL,,,,,0.50,,,,,
rule_C406,ALL,LJL,,,ALL,,,,,0.60,,,,,
rule_C509,ALL,LJL,,,ALL,,,,,0.30,,,,2024-01-01,
rule_Z551,ALL,ALL,,,ALL,,,,,0.309,,,,,
rule_Z551,ALL,LJL,,,ALL,,,,,0.60,,,,,
rule_Z472,ALL,LJL,,,Door glass FR,,,,,0.50,,,Door glass FR,,
rule_Z472,ALL,LJL,,,RR (Dom. Only),,,,,0.50,,,RR (Dom. Only),,
rule_Z472,ALL,LJL,,,(EUR : by HSL),,,,,0.50,,,(EUR : by HSL),,
rule_Z395,ALL,LFD,,,LAMP-RR,,,,,0.25,,,,,
rule_Z395,ALL,LFD,,,HEADLAMP-DAY LIGHT,,,,,0.25,,,,,
rule_Z395,ALL,HZG,,,LAMP-RR,,,,,0.25,,,,,
rule_Z395,ALL,HZG,,,HEADLAMP-DAY LIGHT,,,,,0.25,,,,,
rule_Z388,ALL,LFD,,,STALK COMBI,,,,,0.56,,,,,
rule_Z388,ALL,HZG,,,STALK COMBI,,,,,0.56,,,,,
rule_Z388,ALL,LJL,,,,,,,,0.60,,,,,
rule_Z401,ALL,HZG,,,HEAD LAMP,,,,,0.25,,,,,
rule_Z401,ALL,LFD,,,HEAD LAMP,,,,,0.25,,,,,
rule_Z401,ALL,LFD,,,266058183R,,,,,0.25,,,,,
rule_Z401,ALL,LFD,,,266007584R,,,,,0.25,,,,,
rule_Z401,ALL,,HZG,,,,,,,0,,,,,
rule_Z401,ALL,,LFD,,,,,,,0,,,,,
rule_Z374,ALL,HZG,,,USM,,,,,0.3125,,,,,
rule_Z374,ALL,HZG,,,underhood switching module,,,,,0.3125,,,,,
rule_Z374,ALL,LFD,,,USM,,,,,0.3125,,,,,
rule_Z374,ALL,LFD,,,underhood switching module,,,,,0.3125,,,,,
rule_Z374,ALL,,,,284B69159R,,,,0.50,,,,,
rule_Z117,ALL,LFD,,,RADIO-CAR,,,,,0.562,,,,,
rule_Z117,ALL,HZG,,,RADIO-CAR,,,,,0.562,,,,,
rule_Z298,ALL,L38 EV,,,BCB (Charger assy with junction BOX),,,,,0.1667,,,,,
rule_Z204,ALL,L38,,,"Switchs(Power Window, Trunk, Fuel)",,,,,0.29,,,,,
rule_Z204,ALL,L38,,,"Sensor-Parking Aid, CAPTEUR AIDE PARKING, UNIT-CONT, HEADLAMP LTG",,,,0.53,,,,,
rule_Z204,ALL,L38,,,ECU-Parking Aid,,,,,1.00,,,,,
rule_Z204,ALL,L43,,,"Switchs(Power Window, Trunk, Fuel)",,,,,0.29,,,,,
rule_Z204,ALL,L43,,,"Sensor-Parking Aid, CAPTEUR AIDE PARKING, UNIT-CONT, HEADLAMP LTG",,,,0.53,,,,,
rule_Z204,ALL,L43,,,ECU-Parking Aid,,,,,1.00,,,,,
rule_Z204,ALL,L47,,,"Switchs(Power Window, Trunk, Fuel)",,,,,0.29,,,,,
rule_Z204,ALL,L47,,,"Sensor-Parking Aid, CAPTEUR AIDE PARKING, UNIT-CONT, HEADLAMP LTG",,,,0.53,,,,,
rule_Z204,ALL,L47,,,ECU-Parking Aid,,,,,1.00,,,,,
rule_Z204,ALL,H45,,,"Switchs(Power Window, Trunk, Fuel)",,,,,0.29,,,,,
rule_Z204,ALL,H45,,,"Sensor-Parking Aid, CAPTEUR AIDE PARKING, UNIT-CONT, HEADLAMP LTG",,,,0.53,,,,,
rule_Z204,ALL,H45,,,ECU-Parking Aid,,,,,1.00,,,,,
rule_Z163,ALL,L38,,,FRT Head Lamp,,,,,0.22,,,,,
rule_Z163,ALL,L38,,,LAMP-HALOGEN,,,,,0.22,,,,,
rule_Z163,ALL,L38,,,RR Lamp (or Holder),,,,,0.06,,,,,
rule_Z163,ALL,L38,,,RR Trunk Lamp,,,,,0.06,,,,,
rule_Z157,ALL,L43,,,LHD HYDRAULIC POWER STEERING GEAR,,,,,0.25,,,,,
rule_Z157,ALL,L47,,,LHD HYDRAULIC POWER STEERING GEAR,,,,,0.25,,,,,
rule_Z157,ALL,L47,,,,,,,,,LABOR,300000,,,
rule_Z117,ALL,L38,,,RADIO-CAR,,,,,0.40,,,,,2014-12-31
rule_Z117,ALL,L43,,,RADIO-CAR,,,,,0.40,,,,,2014-12-31
rule_Z117,ALL,L47,,,RADIO-CAR,,,,,0.40,,,,,2014-12-31
rule_Z117,ALL,H45,,,RADIO-CAR,,,,,0.40,,,,,2014-12-31
rule_Z117,ALL,L38,,,RADIO-CAR,,,,,0.00,,,,2015-01-01,
rule_Z117,ALL,L43,,,RADIO-CAR,,,,,0.00,,,,2015-01-01,
rule_Z117,ALL,L47,,,RADIO-CAR,,,,,0.00,,,,2015-01-01,
rule_Z117,ALL,H45,,,RADIO-CAR,,,,,0.00,,,,2015-01-01,
rule_Z113,ALL,LMX,,,ALL,,,,,0.4024,,,"Other items excepted Ample speaker",,
rule_Z113,ALL,LFD,,,ALL,,,,,0.4024,,,"Other items excepted Ample speaker",,
rule_Z113,ALL,HZG,,,ALL,,,,,0.4024,,,"Other items excepted Ample speaker",,
rule_Z113,ALL,LMX,,,AMPL SPEAKER,,,,,0.50,,,,,
rule_Z113,ALL,LFD,,,AMPL SPEAKER,,,,,0.50,,,,,
rule_Z113,ALL,HZG,,,AMPL SPEAKER,,,,,0.50,,,,,
rule_I904,ALL,L43,,,ALL,,,,,0.50,,,"All items (LID ASSY-CONSOLE etc.)",,
rule_I904,ALL,L47,,,ALL,,,,,0.50,,,"All items (LID ASSY-CONSOLE etc.)",,
rule_I904,ALL,H45,,,ALL,,,,,0.50,,,"All items (LID ASSY-CONSOLE etc.)",,
rule_I904,ALL,LFD,,,ALL,,,,,0.50,,,"All items (ARMREST-SHIFT LEVER CONSOLE etc.)",,
rule_I904,ALL,HZG,,,ALL,,,,,0.50,,,"All items (ARMREST-SHIFT LEVER CONSOLE etc.)",,
rule_I806,ALL,L38,,,ALL,,,,,0.19,,,"All Items ( SUNVISOR, CARPET)",,
rule_I806,ALL,L43,,,ALL,,,,,0.19,,,"All Items ( SUNVISOR, CARPET)",,
rule_I806,ALL,L47,,,ALL,,,,,0.19,,,"All Items ( SUNVISOR, CARPET)",,
rule_I806,ALL,H45,,,ALL,,,,,0.19,,,"All Items ( SUNVISOR, CARPET)",,
rule_I806,ALL,H45,,,HDLNG ASSY-ROOF,,,,,0.08,,,,,
rule_I806,ALL,H45,,,TONNEAU COVER ASSY,,,,,0.15,,,,,
rule_I806,ALL,H45,,,SUNVISOR A,,,,,0.58,,,,,
rule_I806,ALL,H45,,,HANDLE-PULL BACK DOOR,,,,,1.00,,,,,
rule_I806,ALL,H45,,,"FIN ASSY-BACK DOOR LWR",,,,,0.20,,,,,
rule_I806,ALL,H45,,,"FIN ASSY-BACK DOOR UPR",,,,,0.20,,,,,
rule_I806,ALL,H45,,,"COVER ASSY-BACK DOOR LOCK",,,,,0.20,,,,,
rule_I806,ALL,H45,,,"GARN ASSY-BACK DOOR TOP",,,,,0.20,,,,,
rule_I806,ALL,H45,,,"GARN ASSY-BACK UPR RH",,,,,0.20,,,,,
rule_I806,ALL,H45,,,"LAMP ASSY MAP",,,,,0.20,,,,,
rule_I806,ALL,H45,,,A/Grip,,,,,0.45,,,,,
rule_I806,ALL,H45,,,"BOARD ASSY-LUG FLOOR,FR CTR",,,,,0.20,,,,,
rule_I806,ALL,H45,,,"BOARD ASSY-LUG FLOOR,RR CTR",,,,,0.20,,,,,
rule_I806,ALL,H45,,,"BOARD ASSY-LUG FLOOR,RR LH",,,,,0.20,,,,,
rule_I806,ALL,H45,,,"BOARD ASSY-LUG FLOOR,RR RH",,,,,0.20,,,,,
rule_I806,ALL,H45,,,"BOX-LUG FLOOR,FR",,,,,0.20,,,,,
rule_I806,ALL,H45,,,"GARN ASSY-FR PLR,LH",,,,,0.20,,,,,
rule_I806,ALL,H45,,,"GARN ASSY-FR PLR,RH",,,,,0.20,,,,,
rule_I806,ALL,H45,,,"GARN ASSY-CTR PLR,UPR LH",,,,,0.20,,,,,
rule_I806,ALL,H45,,,"GARN ASSY-CTR PLR,UPR RH",,,,,0.20,,,,,
rule_I806,ALL,H45,,,"GARN-CTR PLR,LWR LH",,,,,0.20,,,,,
rule_I806,ALL,H45,,,"GARN-CTR PLR,LWR RH",,,,,0.20,,,,,
rule_I806,ALL,H45,,,"ESCUT ASSY-CTR PLR LWR,RH",,,,,0.20,,,,,
rule_I806,ALL,H45,,,"ESCUT ASSY-CTR PLR LWR,RH",,,,,0.20,,,,,
rule_I806,ALL,H45,,,"FIN ASSY-LUG SIDE,UPR LH",,,,,0.20,,,,,
rule_I806,ALL,H45,,,"FIN ASSY-LUG SIDE,UPR RH",,,,,0.20,,,,,
rule_I806,ALL,H45,,,"FIN ASSY-LUG SIDE,LWR LH",,,,,0.20,,,,,
rule_I806,ALL,H45,,,"FIN ASSY-LUG SIDE,LWR RH",,,,,0.20,,,,,
rule_I806,ALL,H45,,,"PLATE-LUG,RR",,,,,0.20,,,,,
rule_I806,ALL,H45,,,"PLATE-KICKING,FR INR LH",,,,,0.20,,,,,
rule_I806,ALL,H45,,,"PLATE-KICKING,FR INR RH",,,,,0.20,,,,,
rule_I806,ALL,H45,,,"PLATE-KICKING,RR INR LH",,,,,0.20,,,,,
rule_I806,ALL,H45,,,"PLATE-KICKING,RR INR RH",,,,,0.20,,,,,
rule_I806,ALL,H45,,,"FIN-RR SEAT HINGE,LH",,,,,0.20,,,,,
rule_I806,ALL,H45,,,"FIN-RR SEAT HINGE,RH",,,,,0.20,,,,,
rule_I806,ALL,H45,,,"ESCUT-LUG SIDE LWR,LH",,,,,0.20,,,,,
rule_I806,ALL,H45,,,"ESCUT-LUG SIDE LWR,RH",,,,,0.20,,,,,
rule_I806,ALL,H45,,,Side Mat,,,,,0.15,,,,,
rule_I806,ALL,H45,,,Side Mat Clip,,,,,0.15,,,,,
rule_I806,ALL,H45,,,Others,,,,,0.50,,,,,
rule_I806,ALL,L38,,,"MAT-FLOOR, CARPET",,,,,0.14,,,,,
rule_I806,ALL,L38,,,"MAT-FLOOR, CARPET",,,,,1.00,,,,,
rule_I806,ALL,L38,,,CARPET ROOM,,,,,0.10,,,,,
rule_I806,ALL,L38,,,Others,,,,,0.50,,,,,
rule_I806,ALL,L43,,,"MAT-FLOOR, CARPET",,,,,0.14,,,,,
rule_I806,ALL,L43,,,CARPET ROOM,,,,,0.10,,,,,
rule_I806,ALL,L43,,,Others,,,,,0.50,,,,,
rule_I806,ALL,LFD,,,ALL,,,,,0.40,,,"All Items (HEADLINING ASSY-ROOF, CARPET)",,
rule_I806,ALL,HZG,,,ALL,,,,,0.40,,,"All Items (HEADLINING ASSY-ROOF, CARPET)",,
rule_I803,ALL,L38,,,ALL,,,,,0.50,,,"All Items (GLASS-WS)",,
rule_I803,ALL,L43,,,ALL,,,,,0.50,,,"All Items (GLASS-WS)",,
rule_I803,ALL,L47,,,ALL,,,,,0.50,,,"All Items (GLASS-WS)",,
rule_I803,ALL,H45,,,ALL,,,,,0.25,,,"All Items (GLASS-WS)",,
rule_I803,ALL,LFD,,,ALL,,,,,0.50,,,"All Items (GLASS-WS)",,
rule_I803,ALL,HZG,,,ALL,,,,,0.50,,,"All Items (GLASS-WS)",,
rule_I803,ALL,LJL,,,ALL,,,,,0.50,,,"All Items (GLASS-WS)",,
rule_I602,ALL,L38,,,ALL,,,,,0.40,,,"All Items ( Outside mirror, Room mirror)",,
rule_I602,ALL,L43,,,ALL,,,,,0.40,,,"All Items ( Outside mirror, Room mirror)",,
rule_I602,ALL,L47,,,ALL,,,,,0.40,,,"All Items ( Outside mirror, Room mirror)",,
rule_I602,ALL,H45,,,ALL,,,,,0.40,,,"All Items ( Outside mirror, Room mirror)",,
rule_I602,ALL,HZG,,,ALL,,,,,0.40,,,"All Items ( Outside mirror, Room mirror)",,
rule_I602,ALL,LFD,,,ALL,,,,,0.40,,,"All Items ( Outside mirror, Room mirror)",,
rule_I602,ALL,LJL,,,ALL,,,,,0.40,,,"All Items ( Outside mirror, Room mirror)",,
rule_I505,ALL,L38,,,ALL,,,,,0.47,,,"All Air bags",,
rule_I505,ALL,L43,,,ALL,,,,,0.47,,,"All Air bags",,
rule_I505,ALL,L47,,,ALL,,,,,0.47,,,"All Air bags",,
rule_I505,ALL,H45,,,ALL,,,,,0.47,,,"All Air bags",,
rule_I505,ALL,H45,,,ALL,,,,,0.47,,,"Steering Wheel",,
rule_I505,ALL,L38,,,ALL,,,,,0.446,,,"Seat Belt & Buckle",,
rule_I505,ALL,L43,,,ALL,,,,,0.446,,,"Seat Belt & Buckle",,
rule_I505,ALL,L47,,,ALL,,,,,0.446,,,"Seat Belt & Buckle",,
rule_I505,ALL,L38,,,ALL,,,,,0.50,,,"Seat Belt & Buckle FRT",,
rule_I505,ALL,L43,,,ALL,,,,,0.50,,,"Seat Belt & Buckle FRT",,
rule_I505,ALL,LFD,,,ALL,,,,,0.50,,,"All items (Air bags)",,
rule_I505,ALL,HZG,,,ALL,,,,,0.50,,,"All items (Air bags)",,
rule_I505,ALL,LJL,,,ALL,,,,,0.50,,,"All items (Air bags)",,
rule_I217,ALL,H45,,,ALL,,,,,0.42,,,"All items (SEAT)",,
rule_I217,ALL,L38,,,ALL,,,,,0.50,,,"All items (SEAT)",,
rule_I217,ALL,L43,,,ALL,,,,,0.50,,,"All items (SEAT)",,
rule_I217,ALL,L47,,,ALL,,,,,0.50,,,"All items (SEAT)",,
rule_I217,ALL,LFD,,,ALL,,,,,0.50,,,"All items (SEAT)",,
rule_I217,ALL,HZG,,,ALL,,,,,0.50,,,"All items (SEAT)",,
rule_I202,ALL,L38,,,ALL,,,,,0.50,,,"All items (PUMP ASSY-WASHER etc.)",,
rule_I202,ALL,L43,,,ALL,,,,,0.50,,,"All items (PUMP ASSY-WASHER etc.)",,
rule_I202,ALL,L47,,,ALL,,,,,0.50,,,"All items (PUMP ASSY-WASHER etc.)",,
rule_I202,ALL,H45,,,ALL,,,,,0.50,,,"All items (PUMP ASSY-WASHER etc.)",,
rule_I202,ALL,L38,,,NOZZLE ASSY-WINDSHIELD WASHER,,,,,0.00,,,,,
rule_I202,ALL,L43,,,NOZZLE ASSY-WINDSHIELD WASHER,,,,,0.00,,,,,
rule_I202,ALL,L47,,,NOZZLE ASSY-WINDSHIELD WASHER,,,,,0.00,,,,,
rule_I202,ALL,H45,,,NOZZLE ASSY-WINDSHIELD WASHER,,,,,0.00,,,,,
rule_I202,ALL,LFD,,,ALL,,,,,0.50,,,"All items (PUMP ASSY-WASHER etc.)",,
rule_I202,ALL,HZG,,,ALL,,,,,0.50,,,"All items (PUMP ASSY-WASHER etc.)",,
rule_I201,ALL,L38,,,ALL,,,,,0.35,,,"Door Trim",,
rule_I201,ALL,L43,,,ALL,,,,,0.35,,,"Door Trim",,
rule_I201,ALL,L47,,,ALL,,,,,0.35,,,"Door Trim",,
rule_I201,ALL,LFD,,,ALL,,,,,0.35,,,"Door Trim",,
rule_I201,ALL,HZG,,,ALL,,,,,0.35,,,"Door Trim",,
rule_I201,ALL,H45,,,ALL,,,,,0.55,,,"All Items (Door Trim)",,
rule_I201,ALL,L47,,,ALL,,,,,0.40,,,"RR PSHELF",,
rule_I201,ALL,L38,,,ALL,,,,,0.50,,,"Others (BST, TRUNK TRIM etc.)",,
rule_I201,ALL,L43,,,ALL,,,,,0.50,,,"Others (BST, TRUNK TRIM etc.)",,
rule_I201,ALL,L47,,,ALL,,,,,0.50,,,"Others (BST, TRUNK TRIM etc.)",,
rule_I201,ALL,LFD,,,ALL,,,,,0.50,,,"Others (BST, TRUNK TRIM etc.)",,
rule_I201,ALL,HZG,,,ALL,,,,,0.50,,,"Others (BST, TRUNK TRIM etc.)",,
rule_I201,ALL,AR1,,,ALL,,,,,0.30,,,"DOOR FINISHER 4개, TRUNK LUGGAGE TRIM LH/RH, MLDG ASSY-LUG DOORSILL",2026-01-01,
rule_I201,ALL,LJL,,,ALL,,,,,0.30,,,"Door Trim",2021-07-01,
rule_I201,ALL,LJL,,,ALL,,,,,0.50,,,"Others (BST, TRUNK TRIM etc.)",,
rule_G917,ALL,ALL,,,ALL,,,,,0.50,,,,,
rule_G917,ALL,,,,,,,10000,5,,,,,,
rule_G917,ALL,LJL,,,ALL,,,,,0.60,,,,,
rule_G607,ALL,LFD,,,Brake servo,,,,,0.35,,,,,
rule_G607,ALL,XZG,,,Brake servo,,,,,0.35,,,,,
rule_G607,ALL,LFD,,,Injector,,,,,0.0482,,,,,
rule_G607,ALL,XZG,,,Injector,,,,,0.0482,,,,,
rule_G607,ALL,LFD,,,Injection Pump (high press pump),,,,,0.1216,,,,,
rule_G607,ALL,XZG,,,Injection Pump (high press pump),,,,,0.1216,,,,,
rule_G417,ALL,L43,,,BCM,,,,,0.30,,,,,
rule_G417,ALL,L47,,,BCM,,,,,0.30,,,,,
rule_G417,ALL,L43,,,MODULE-TURN INDICATOR,,,,,0.30,,,,,
rule_G417,ALL,L47,,,MODULE-TURN INDICATOR,,,,,0.30,,,,,
rule_G307,ALL,LFD,,,PUMP COMPL-WATER,,,,,0.80,,,,,
rule_G307,ALL,LFD,,,,210100078R,,,,,0.25,,,,,
rule_G307,ALL,HZG,,,PUMP COMPL-WATER,,,,,0.50,,,,,
rule_G302,ALL,L38,,,ALTNTR,,,,,0.50,,,,,
rule_G302,ALL,L43,,,ALTNTR,,,,,0.50,,,,,
rule_G302,ALL,L47,,,ALTNTR,,,,,0.50,,,,,
rule_G302,ALL,H45,,,ALTNTR,,,,,0.50,,,,,
rule_G302,ALL,LFD,,,ALTNTR,,,,,0.50,,,,,
rule_G302,ALL,HZG,,,ALTNTR,,,,,0.50,,,,,
rule_G103,ALL,L38,,,ALL,,,,,0.50,,,"All Items (MLDG-ENG)",,
rule_G103,ALL,L43,,,ALL,,,,,0.50,,,"All Items (MLDG-ENG)",,
rule_G103,ALL,L47,,,ALL,,,,,0.50,,,"All Items (MLDG-ENG)",,
rule_E929,ALL,L38,,,,Battery,,,,0.25,,,,,
rule_E929,ALL,L43,,,,Battery,,,,0.25,,,,,
rule_E929,ALL,L47,,,,Battery,,,,0.25,,,,,
rule_E929,ALL,H45,,,,Battery,,,,0.25,,,,,
rule_E929,ALL,LFD,,,,Battery,,,,0.25,,,,,
rule_E929,ALL,HZG,,,,Battery,,,,0.25,,,,,
rule_E929,ALL,LJL,,,,Battery,,,,0.25,,,,,
rule_E928,ALL,L38 EV,,,,BATTERY,,,,0.868,,,,,
rule_E928,ALL,Twizy,,,,BATTERY,,,,0.868,,,,,
rule_E920,ALL,H45,,,,Speaker,,,,0.70,,,,,
rule_E920,ALL,L38,,,,Speaker,,,,0.50,,,,,
rule_E920,ALL,L43,,,,Speaker,,,,0.50,,,,,
rule_E920,ALL,L47,,,,Speaker,,,,0.50,,,,,
rule_E916,ALL,LFD,,,,RADIO-CAR,,,,0.562,,,,,
rule_E916,ALL,HZG,,,,RADIO-CAR,,,,0.562,,,,,
rule_E909,ALL,QM3,,,,AV,,,,0.75,,,,,
rule_E909,ALL,L38,,,,AV,,,,0.75,,,,,
rule_E909,ALL,L43,,,,AV,,,,0.75,,,,,
rule_E909,ALL,L47,,,,AV,,,,0.75,,,,,
rule_E909,ALL,QM3,,,,AVN,,,,0.75,,,,,
rule_E909,ALL,L38,,,,AVN,,,,0.75,,,,,
rule_E909,ALL,L43,,,,AVN,,,,0.75,,,,,
rule_E909,ALL,L47,,,,AVN,,,,0.75,,,,,
rule_E702,ALL,L38,,,,ALL,,,,0.50,,,,,
rule_E702,ALL,L43,,,,ALL,,,,0.50,,,,,
rule_E702,ALL,L47,,,,ALL,,,,0.50,,,,,
rule_E702,ALL,H45,,,,ALL,,,,0.50,,,,,
rule_E503,ALL,L38,,,,ALL,,,,0.49,,,All items (MODULE-LH, O/S HDL),,,
rule_E503,ALL,L43,,,,ALL,,,,0.49,,,All items (MODULE-LH, O/S HDL),,,
rule_E503,ALL,L47,,,,ALL,,,,0.49,,,All items (MODULE-LH, O/S HDL),,,
rule_E503,ALL,H45,,,,ALL,,,,0.49,,,All items (MODULE-LH, O/S HDL),,,
rule_C940,ALL,HZG,,,,HUB,,,,0.50,,,HUB & BRG ASSY WHEEL,,
rule_C940,ALL,HZG,,,,BRG ASSY WHEEL,,,,0.50,,,HUB & BRG ASSY WHEEL,,
rule_C940,ALL,LFD,,,,HUB,,,,0.50,,,HUB & BRG ASSY WHEEL,,
rule_C940,ALL,LFD,,,,BRG ASSY WHEEL,,,,0.50,,,HUB & BRG ASSY WHEEL,,
rule_C929,ALL,L43,,,,"ABS-SHOCK, FR",,,,0.08,,,,,
rule_C929,ALL,L47,,,,"ABS-SHOCK, FR",,,,0.08,,,,,
rule_C929,ALL,LJL,,,,"ABS-SHOCK, FR",,,,0.08,,,,,
rule_C929,ALL,L43,,,,Rear,,,,0.08,,,,,
rule_C929,ALL,L47,,,,Rear,,,,0.08,,,,,
rule_C929,ALL,LJL,,,,Rear,,,,0.08,,,,,
rule_C915,ALL,L38,,,,ALL,,,,0.50,,,,,
rule_C915,ALL,L43,,,,ALL,,,,0.50,,,,,
rule_C915,ALL,L47,,,,ALL,,,,0.50,,,,,
rule_C915,ALL,H45,,,,ALL,,,,0.50,,,,,
rule_C915,ALL,LFD,,,,ALL,,,,0.50,,,,,
rule_C915,ALL,HZG,,,,ALL,,,,0.50,,,,,
rule_C907,ALL,ALL,,,,ALL,,,,0.50,,,,,
rule_C907,ALL,LJL,,,,,,,,0.60,,,,,
rule_C906,ALL,L38,,,,ALL,,,,0.50,,,All (ABS-SHOCK),,,
rule_C906,ALL,L43,,,,ALL,,,,0.50,,,All (ABS-SHOCK),,,
rule_C906,ALL,L47,,,,ALL,,,,0.50,,,All (ABS-SHOCK),,,
rule_C906,ALL,H45,,,,ALL,,,,0.20,,,All (ABS-SHOCK),,,
rule_C906,ALL,LFD,,,,ALL,,,,0.50,,,All (ABS-SHOCK),,,
rule_C906,ALL,HZG,,,,ALL,,,,0.50,,,All (ABS-SHOCK),,,
rule_C906,ALL,L38,,,,"DAMPER-SPRING,FRONT",,,,0.00,,,,,
rule_C906,ALL,L43,,,,"DAMPER-SPRING,FRONT",,,,0.00,,,,,
rule_C906,ALL,L47,,,,"DAMPER-SPRING,FRONT",,,,0.00,,,,,
rule_C906,ALL,H45,,,,"DAMPER-SPRING,FRONT",,,,0.00,,,,,
rule_C906,ALL,LFD,,,,"DAMPER-SPRING,FRONT",,,,0.00,,,,,
rule_C906,ALL,HZG,,,,"DAMPER-SPRING,FRONT",,,,0.00,,,,,
rule_C905,ALL,L38,,,,ALL,,,,0.70,,,All items (LHD HYDRAULIC POWER STEERING GEAR),,,
rule_C905,ALL,L43,,,,ALL,,,,0.70,,,All items (LHD HYDRAULIC POWER STEERING GEAR),,,
rule_C905,ALL,L47,,,,ALL,,,,0.70,,,All items (LHD HYDRAULIC POWER STEERING GEAR),,,
rule_C814,ALL,H45,,,,ALL,,,,0.50,,,All Items (CALIPER ASSY-BRAKE),,,
rule_C222,ALL,H45,,,,HUB,,,,0.30,,,HUB & BRG ASSY,,
rule_C222,ALL,H45,,,,BRG ASSY,,,,0.30,,,HUB & BRG ASSY,,
rule_C222,ALL,L43,,,,Front Hub,,,,0.035,,,Front Hub & Bearing,,
rule_C222,ALL,L43,,,,Bearing,,,,0.035,,,Front Hub & Bearing,,
rule_C222,ALL,L47,,,,Front Hub,,,,0.035,,,Front Hub & Bearing,,
rule_C222,ALL,L47,,,,Bearing,,,,0.035,,,Front Hub & Bearing,,
rule_C514,ALL,L38,,,"TUBE ASSY-EXHAUST, FRONT",262210,,,0.03,,,,,
rule_C514,ALL,L38,,,,"Tube Assy-Exhaust, Mid & Rear",262210,,,0.20,,,,,
rule_C514,ALL,LFD,,,,"MUFFLER ASSY-EXHAUST(Front, Middle, Rear Total)",262210,,,0.40,,,,,